{"n_hidden1": 58, "n_hidden2": 45, "dropout1": 0.45384801682458653, "dropout2": 0.1768244425285066, "batch_size": 32, "lr": 0.005208273851236788, "n_epoch": 174}