{"n_hidden1": 86, "n_hidden2": 126, "dropout1": 0.15262194742811508, "dropout2": 0.16226999667419978}