{"n_hidden1": 46, "n_hidden2": 17, "dropout1": 0.13713557145124783, "dropout2": 0.15149979576134756, "batch_size": 8, "lr": 0.006250707961696149, "n_epoch": 200}